﻿Neighbourhood ID,Neighbourhood Name,# of people with hypertension 2016/17 (Age 20-44),Total Population 2016 (Age 20-44),# of people with hypertension 2016/17 (Age 45-64),Total Population 2016 (Age 45-64),# of people with hypertension 2016/17 (Age 65+),Total Population 2016 (Age 65+)
1,West Humber-Clairville,703,13291,3741,9663,3959,5176
2,Mount Olive-Silverstone-Jamestown,789,12906,3578,8815,2927,3902
3,Thistletown-Beaumond Heights,220,3631,1047,2829,1349,1767
4,Rexdale-Kipling,201,3669,1134,3229,1393,1854
5,Elms-Old Rexdale,176,3353,1040,2842,948,1322
